insert into SUSCRIBER (id) values (1);
insert into SUSCRIBER (id) values (2);
insert into SUSCRIBER (id) values (3);
insert into SUSCRIBER (id) values (4);
insert into SUSCRIBER (id) values (5);
insert into SUSCRIBER (id) values (6);
insert into SUSCRIBER (id) values (7);
insert into SUSCRIBER (id) values (8);
insert into SUSCRIBER (id) values (9);
insert into SUSCRIBER (id) values (10);

insert into YOUTUBER (id, username, email, password, is_admin, register_date, last_login, suscriber_id) values (1, 'idunne0', 'nmcilherran0@huffingtonpost.com', '123', false, '2021-09-05 05:41:20', '2022-05-22 19:36:07', 1);
insert into YOUTUBER (id, username, email, password, is_admin, register_date, last_login, suscriber_id) values (2, 'cmaccahee1', 'blakenden1@eventbrite.com', '123', true, '2021-12-28 05:33:08', '2022-05-22 10:20:47', 2);
insert into YOUTUBER (id, username, email, password, is_admin, register_date, last_login, suscriber_id) values (3, 'tleteurtre2', 'ccambden2@adobe.com', 'GOqKUcIB2', true, '2021-10-26 03:35:42', '2022-05-22 01:52:35', 3);
insert into YOUTUBER (id, username, email, password, is_admin, register_date, last_login, suscriber_id) values (4, 'ehagley3', 'lwayt3@state.tx.us', 'gw7IqN1D', true, '2022-05-13 06:37:30', '2022-05-22 17:40:51', 4);
insert into YOUTUBER (id, username, email, password, is_admin, register_date, last_login, suscriber_id) values (5, 'bcoats4', 'ccarnier4@nps.gov', 'Jz2ypVyfyP', false, '2022-03-20 01:10:11', '2022-05-22 20:03:54', 5);
insert into YOUTUBER (id, username, email, password, is_admin, register_date, last_login, suscriber_id) values (6, 'vkeijser5', 'jeye5@globo.com', 'EgQwDRq9HIOt', false, '2021-07-20 07:36:36', '2022-05-22 17:55:00', 6);
insert into YOUTUBER (id, username, email, password, is_admin, register_date, last_login, suscriber_id) values (7, 'gseys6', 'rmcrory6@facebook.com', 'eR6QnlUjhqO', false, '2021-06-23 22:54:51', '2022-05-22 14:04:43', 7);
insert into YOUTUBER (id, username, email, password, is_admin, register_date, last_login, suscriber_id) values (8, 'bhaw7', 'gprior7@taobao.com', 'fLMLE4AeV', false, '2022-03-15 19:32:56', '2022-05-22 13:53:37', 8);
insert into YOUTUBER (id, username, email, password, is_admin, register_date, last_login, suscriber_id) values (9, 'kbreacher8', 'ileber8@prlog.org', '3NSCi01RHMNF', false, '2021-06-02 04:01:14', '2022-05-22 16:45:21', 9);
insert into YOUTUBER (id, username, email, password, is_admin, register_date, last_login, suscriber_id) values (10, 'egorioli9', 'dplumridege9@lulu.com', 'CZ8t8VyL', true, '2021-12-08 07:24:48', '2022-05-22 15:30:31', 10);

insert into CHANNEL (youtuber_id, name, is_public) values (1, 'Mat Lam Tam', true);
insert into CHANNEL (youtuber_id, name, is_public) values (2, 'Andalax', false);
insert into CHANNEL (youtuber_id, name, is_public) values (3, 'Flowdesk', true);
insert into CHANNEL (youtuber_id, name, is_public) values (4, 'Prodder', false);
insert into CHANNEL (youtuber_id, name, is_public) values (5, 'Daltfresh', true);
insert into CHANNEL (youtuber_id, name, is_public) values (6, 'Cardify', false);
insert into CHANNEL (youtuber_id, name, is_public) values (7, 'Keylex', true);
insert into CHANNEL (youtuber_id, name, is_public) values (8, 'Tres-Zap', false);
insert into CHANNEL (youtuber_id, name, is_public) values (9, 'Stronghold', true);
insert into CHANNEL (youtuber_id, name, is_public) values (10, 'Namfix', false);

insert into CHANNEL_SUSCRIBERS (youtuber_id, suscriber_id) values (1, 6);
insert into CHANNEL_SUSCRIBERS (youtuber_id, suscriber_id) values (1, 8);
insert into CHANNEL_SUSCRIBERS (youtuber_id, suscriber_id) values (1, 4);
insert into CHANNEL_SUSCRIBERS (youtuber_id, suscriber_id) values (2, 8);
insert into CHANNEL_SUSCRIBERS (youtuber_id, suscriber_id) values (2, 10);
insert into CHANNEL_SUSCRIBERS (youtuber_id, suscriber_id) values (2, 9);
insert into CHANNEL_SUSCRIBERS (youtuber_id, suscriber_id) values (3, 5);
insert into CHANNEL_SUSCRIBERS (youtuber_id, suscriber_id) values (3, 9);
insert into CHANNEL_SUSCRIBERS (youtuber_id, suscriber_id) values (3, 8);
insert into CHANNEL_SUSCRIBERS (youtuber_id, suscriber_id) values (4, 1);
insert into CHANNEL_SUSCRIBERS (youtuber_id, suscriber_id) values (4, 2);
insert into CHANNEL_SUSCRIBERS (youtuber_id, suscriber_id) values (4, 3);
insert into CHANNEL_SUSCRIBERS (youtuber_id, suscriber_id) values (5, 1);
insert into CHANNEL_SUSCRIBERS (youtuber_id, suscriber_id) values (5, 2);
insert into CHANNEL_SUSCRIBERS (youtuber_id, suscriber_id) values (5, 3);
insert into CHANNEL_SUSCRIBERS (youtuber_id, suscriber_id) values (6, 5);
insert into CHANNEL_SUSCRIBERS (youtuber_id, suscriber_id) values (6, 9);
insert into CHANNEL_SUSCRIBERS (youtuber_id, suscriber_id) values (6, 8);
insert into CHANNEL_SUSCRIBERS (youtuber_id, suscriber_id) values (7, 1);
insert into CHANNEL_SUSCRIBERS (youtuber_id, suscriber_id) values (7, 3);
insert into CHANNEL_SUSCRIBERS (youtuber_id, suscriber_id) values (7, 4);
insert into CHANNEL_SUSCRIBERS (youtuber_id, suscriber_id) values (8, 2);
insert into CHANNEL_SUSCRIBERS (youtuber_id, suscriber_id) values (8, 4);
insert into CHANNEL_SUSCRIBERS (youtuber_id, suscriber_id) values (8, 6);
insert into CHANNEL_SUSCRIBERS (youtuber_id, suscriber_id) values (9, 10);
insert into CHANNEL_SUSCRIBERS (youtuber_id, suscriber_id) values (9, 1);
insert into CHANNEL_SUSCRIBERS (youtuber_id, suscriber_id) values (9, 2);
insert into CHANNEL_SUSCRIBERS (youtuber_id, suscriber_id) values (10, 1);
insert into CHANNEL_SUSCRIBERS (youtuber_id, suscriber_id) values (10, 3);
insert into CHANNEL_SUSCRIBERS (youtuber_id, suscriber_id) values (10, 9);

insert into CATEGORY (id, denominate) values (1, 'Exclusive');
insert into CATEGORY (id, denominate) values (2, 'knowledge user');
insert into CATEGORY (id, denominate) values (3, 'empowering');
insert into CATEGORY (id, denominate) values (4, 'function');
insert into CATEGORY (id, denominate) values (5, 'hierarchy');
insert into CATEGORY (id, denominate) values (6, 'Public-key');
insert into CATEGORY (id, denominate) values (7, 'eco-centric');
insert into CATEGORY (id, denominate) values (8, 'reciprocal');
insert into CATEGORY (id, denominate) values (9, 'Organic');
insert into CATEGORY (id, denominate) values (10, 'Phased');

insert into VIDEO (id, title, description, duration, url, likes, dislikes, uploaded_date, views, category_id, youtuber_id) values (1, 'Ponyo (Gake no ue no Ponyo)', 'Donec posuere metus vitae ipsum. Aliquam non mauris.', 9, 'http://dummyimage.com/241x100.png/ff4444/ffffff', 3539804028, 1504755379, '2021-07-14 19:42:58', 6817507169, 1, 8);
insert into VIDEO (id, title, description, duration, url, likes, dislikes, uploaded_date, views, category_id, youtuber_id) values (2, 'Ice Bound', 'Proin leo odio, porttitor id, consequat in, consequat ut, nulla. Sed accumsan felis. Ut at dolor quis odio consequat varius.', 7, 'http://dummyimage.com/223x100.png/dddddd/000000', 6369862792, 5321575038, '2022-03-27 12:57:28', 6910959644, 6, 3);
insert into VIDEO (id, title, description, duration, url, likes, dislikes, uploaded_date, views, category_id, youtuber_id) values (3, 'Indie Game: The Movie', 'Aliquam non mauris. Morbi non lectus.', 10, 'http://dummyimage.com/191x100.png/5fa2dd/ffffff', 8066901353, 5602679741, '2021-07-10 23:53:43', 715528690, 7, 9);
insert into VIDEO (id, title, description, duration, url, likes, dislikes, uploaded_date, views, category_id, youtuber_id) values (4, 'Gasoline (Benzina)', 'Aliquam quis turpis eget elit sodales scelerisque.', 8, 'http://dummyimage.com/144x100.png/dddddd/000000', 8032483903, 1237552204, '2021-10-28 23:45:49', 1725177652, 8, 4);
insert into VIDEO (id, title, description, duration, url, likes, dislikes, uploaded_date, views, category_id, youtuber_id) values (5, 'Edukators, The (Die Fetten Jahre sind vorbei)', 'Praesent lectus. Vestibulum quam sapien, varius ut, blandit non, interdum in, ante. Vestibulum ante ipsum primis in faucibus orci luctus et ultrices posuere cubilia Curae; Duis faucibus accumsan odio.', 0, 'http://dummyimage.com/205x100.png/dddddd/000000', 1300331229, 564418775, '2021-05-23 09:04:30', 5484418033, 6, 1);
insert into VIDEO (id, title, description, duration, url, likes, dislikes, uploaded_date, views, category_id, youtuber_id) values (6, 'Interstella 5555: The 5tory of the 5ecret 5tar 5ystem', 'Morbi ut odio. Cras mi pede, malesuada in, imperdiet et, commodo vulputate, justo. In blandit ultrices enim.', 0, 'http://dummyimage.com/136x100.png/cc0000/ffffff', 5999948931, 361513417, '2021-11-19 01:03:46', 2284869566, 4, 10);
insert into VIDEO (id, title, description, duration, url, likes, dislikes, uploaded_date, views, category_id, youtuber_id) values (7, 'Indiana Jones and the Kingdom of the Crystal Skull', 'Curabitur at ipsum ac tellus semper interdum.', 1, 'http://dummyimage.com/124x100.png/cc0000/ffffff', 4651883100, 3742743585, '2021-07-26 17:53:42', 8007781800, 2, 4);
insert into VIDEO (id, title, description, duration, url, likes, dislikes, uploaded_date, views, category_id, youtuber_id) values (8, 'Shoppen ', 'Maecenas ut massa quis augue luctus tincidunt. Nulla mollis molestie lorem.', 2, 'http://dummyimage.com/235x100.png/cc0000/ffffff', 6101260834, 5277284250, '2022-02-04 00:52:15', 8221449087, 5, 5);
insert into VIDEO (id, title, description, duration, url, likes, dislikes, uploaded_date, views, category_id, youtuber_id) values (9, 'Lego: The Adventures of Clutch Powers', 'In eleifend quam a odio.', 1, 'http://dummyimage.com/175x100.png/ff4444/ffffff', 3669901510, 1315560691, '2021-06-13 13:31:45', 9678809171, 3, 4);
insert into VIDEO (id, title, description, duration, url, likes, dislikes, uploaded_date, views, category_id, youtuber_id) values (10, 'Seven Alone', 'Nullam porttitor lacus at turpis. Donec posuere metus vitae ipsum.', 0, 'http://dummyimage.com/198x100.png/5fa2dd/ffffff', 358444627, 1768173000, '2022-03-16 22:14:00', 9417441728, 5, 4);
insert into VIDEO (id, title, description, duration, url, likes, dislikes, uploaded_date, views, category_id, youtuber_id) values (11, 'Read My Lips (Sur mes lèvres)', 'In tempor, turpis nec euismod scelerisque, quam turpis adipiscing lorem, vitae mattis nibh ligula nec sem. Duis aliquam convallis nunc.', 1, 'http://dummyimage.com/142x100.png/5fa2dd/ffffff', 8838652760, 4587499346, '2021-11-18 07:55:06', 437760123, 8, 9);
insert into VIDEO (id, title, description, duration, url, likes, dislikes, uploaded_date, views, category_id, youtuber_id) values (12, 'Thick-Walled Room, The (Kabe atsuki heya)', 'Duis bibendum. Morbi non quam nec dui luctus rutrum.', 0, 'http://dummyimage.com/117x100.png/ff4444/ffffff', 3891817242, 2946138464, '2021-08-08 01:52:50', 1234101261, 3, 3);
insert into VIDEO (id, title, description, duration, url, likes, dislikes, uploaded_date, views, category_id, youtuber_id) values (13, 'Strawberry Blonde, The', 'In eleifend quam a odio. In hac habitasse platea dictumst.', 5, 'http://dummyimage.com/123x100.png/cc0000/ffffff', 6034791446, 6067085296, '2021-07-16 00:04:17', 2940098888, 1, 6);
insert into VIDEO (id, title, description, duration, url, likes, dislikes, uploaded_date, views, category_id, youtuber_id) values (14, 'Wing Chun', 'Curabitur in libero ut massa volutpat convallis.', 9, 'http://dummyimage.com/148x100.png/dddddd/000000', 6547176831, 6134700727, '2022-01-08 03:27:24', 2567346660, 9, 2);
insert into VIDEO (id, title, description, duration, url, likes, dislikes, uploaded_date, views, category_id, youtuber_id) values (15, 'Tigrero: A Film That Was Never Made', 'Donec odio justo, sollicitudin ut, suscipit a, feugiat et, eros. Vestibulum ac est lacinia nisi venenatis tristique. Fusce congue, diam id ornare imperdiet, sapien urna pretium nisl, ut volutpat sapien arcu sed augue.', 10, 'http://dummyimage.com/116x100.png/ff4444/ffffff', 808754641, 1122807332, '2021-07-01 23:15:37', 4257775922, 2, 5);
insert into VIDEO (id, title, description, duration, url, likes, dislikes, uploaded_date, views, category_id, youtuber_id) values (16, 'Network', 'Donec diam neque, vestibulum eget, vulputate ut, ultrices vel, augue. Vestibulum ante ipsum primis in faucibus orci luctus et ultrices posuere cubilia Curae; Donec pharetra, magna vestibulum aliquet ultrices, erat tortor sollicitudin mi, sit amet lobortis sapien sapien non mi. Integer ac neque.', 1, 'http://dummyimage.com/104x100.png/dddddd/000000', 8910940444, 9686801763, '2022-05-21 11:18:21', 2710374561, 9, 8);
insert into VIDEO (id, title, description, duration, url, likes, dislikes, uploaded_date, views, category_id, youtuber_id) values (17, 'Desert Heat (Inferno)', 'Nulla mollis molestie lorem. Quisque ut erat. Curabitur gravida nisi at nibh.', 6, 'http://dummyimage.com/225x100.png/dddddd/000000', 1007869629, 5074442841, '2021-06-14 17:29:36', 6529598670, 9, 2);
insert into VIDEO (id, title, description, duration, url, likes, dislikes, uploaded_date, views, category_id, youtuber_id) values (18, 'Risky Business', 'Aliquam quis turpis eget elit sodales scelerisque.', 3, 'http://dummyimage.com/195x100.png/cc0000/ffffff', 5717804481, 8853039290, '2021-08-24 08:59:28', 5134035329, 9, 3);
insert into VIDEO (id, title, description, duration, url, likes, dislikes, uploaded_date, views, category_id, youtuber_id) values (19, 'Bucket List, The', 'Nam ultrices, libero non mattis pulvinar, nulla pede ullamcorper augue, a suscipit nulla elit ac nulla. Sed vel enim sit amet nunc viverra dapibus.', 4, 'http://dummyimage.com/108x100.png/ff4444/ffffff', 6633258147, 2473090669, '2021-08-03 09:08:27', 4406522143, 8, 1);
insert into VIDEO (id, title, description, duration, url, likes, dislikes, uploaded_date, views, category_id, youtuber_id) values (20, 'It Happened One Night', 'Suspendisse accumsan tortor quis turpis. Sed ante.', 2, 'http://dummyimage.com/150x100.png/5fa2dd/ffffff', 7972350922, 3979769451, '2021-09-29 04:28:41', 8560475134, 2, 2);
insert into VIDEO (id, title, description, duration, url, likes, dislikes, uploaded_date, views, category_id, youtuber_id) values (21, 'Painted Lady', 'Praesent blandit lacinia erat. Vestibulum sed magna at nunc commodo placerat.', 10, 'http://dummyimage.com/139x100.png/5fa2dd/ffffff', 8999202138, 8126335071, '2021-06-18 14:04:43', 9660360816, 3, 8);
insert into VIDEO (id, title, description, duration, url, likes, dislikes, uploaded_date, views, category_id, youtuber_id) values (22, 'Cremator, The (Spalovac mrtvol)', 'Quisque id justo sit amet sapien dignissim vestibulum. Vestibulum ante ipsum primis in faucibus orci luctus et ultrices posuere cubilia Curae; Nulla dapibus dolor vel est.', 3, 'http://dummyimage.com/213x100.png/ff4444/ffffff', 1218981826, 718837669, '2021-11-11 00:45:51', 9840025821, 10, 5);
insert into VIDEO (id, title, description, duration, url, likes, dislikes, uploaded_date, views, category_id, youtuber_id) values (23, 'Project A 2 (''A'' gai wak juk jap)', 'In blandit ultrices enim.', 7, 'http://dummyimage.com/194x100.png/dddddd/000000', 8656881714, 5224532869, '2021-07-10 12:09:49', 8579596871, 5, 4);
insert into VIDEO (id, title, description, duration, url, likes, dislikes, uploaded_date, views, category_id, youtuber_id) values (24, 'Straw Dogs', 'In eleifend quam a odio. In hac habitasse platea dictumst. Maecenas ut massa quis augue luctus tincidunt.', 3, 'http://dummyimage.com/113x100.png/ff4444/ffffff', 9284155118, 3834643676, '2022-04-22 08:11:34', 404618231, 3, 3);
insert into VIDEO (id, title, description, duration, url, likes, dislikes, uploaded_date, views, category_id, youtuber_id) values (25, 'Fighting Spirit, The', 'Vivamus tortor.', 5, 'http://dummyimage.com/181x100.png/dddddd/000000', 6958437434, 4283570157, '2021-07-06 04:46:34', 2139261381, 10, 5);
insert into VIDEO (id, title, description, duration, url, likes, dislikes, uploaded_date, views, category_id, youtuber_id) values (26, 'Power Play', 'Donec odio justo, sollicitudin ut, suscipit a, feugiat et, eros.', 7, 'http://dummyimage.com/168x100.png/dddddd/000000', 1138936402, 1541778551, '2022-03-07 10:58:18', 5591505752, 4, 9);
insert into VIDEO (id, title, description, duration, url, likes, dislikes, uploaded_date, views, category_id, youtuber_id) values (27, 'Party 2, The (Boum 2, La)', 'Nulla ut erat id mauris vulputate elementum.', 9, 'http://dummyimage.com/226x100.png/5fa2dd/ffffff', 6462876611, 5977755395, '2021-12-27 06:00:42', 2006123288, 9, 8);
insert into VIDEO (id, title, description, duration, url, likes, dislikes, uploaded_date, views, category_id, youtuber_id) values (28, 'Samson and Delilah', 'Fusce congue, diam id ornare imperdiet, sapien urna pretium nisl, ut volutpat sapien arcu sed augue. Aliquam erat volutpat. In congue.', 1, 'http://dummyimage.com/196x100.png/cc0000/ffffff', 382547621, 3567285707, '2022-01-08 10:12:08', 3248285149, 8, 4);
insert into VIDEO (id, title, description, duration, url, likes, dislikes, uploaded_date, views, category_id, youtuber_id) values (29, 'It', 'Suspendisse potenti. Nullam porttitor lacus at turpis.', 4, 'http://dummyimage.com/207x100.png/5fa2dd/ffffff', 3732392031, 3155164230, '2022-01-15 19:50:20', 3947741930, 10, 9);
insert into VIDEO (id, title, description, duration, url, likes, dislikes, uploaded_date, views, category_id, youtuber_id) values (30, 'Italian Job, The', 'Pellentesque at nulla. Suspendisse potenti. Cras in purus eu magna vulputate luctus.', 5, 'http://dummyimage.com/125x100.png/ff4444/ffffff', 7346935987, 1508386735, '2021-11-28 14:40:12', 5354420772, 5, 6);
insert into VIDEO (id, title, description, duration, url, likes, dislikes, uploaded_date, views, category_id, youtuber_id) values (31, 'Irina Palm', 'Cras non velit nec nisi vulputate nonummy. Maecenas tincidunt lacus at velit. Vivamus vel nulla eget eros elementum pellentesque.', 9, 'http://dummyimage.com/149x100.png/ff4444/ffffff', 6848864825, 9430454777, '2021-07-27 20:24:39', 9366662864, 1, 6);
insert into VIDEO (id, title, description, duration, url, likes, dislikes, uploaded_date, views, category_id, youtuber_id) values (32, 'Drag Me to Hell', 'In eleifend quam a odio. In hac habitasse platea dictumst. Maecenas ut massa quis augue luctus tincidunt.', 5, 'http://dummyimage.com/214x100.png/ff4444/ffffff', 8092520310, 9308297299, '2021-06-01 19:02:43', 8011096265, 4, 4);
insert into VIDEO (id, title, description, duration, url, likes, dislikes, uploaded_date, views, category_id, youtuber_id) values (33, 'Breaking the Silence: Truth and Lies in the War on Terror', 'Maecenas tristique, est et tempus semper, est quam pharetra magna, ac consequat metus sapien ut nunc.', 4, 'http://dummyimage.com/248x100.png/ff4444/ffffff', 7072552040, 4478974680, '2022-04-14 04:51:17', 9203697791, 5, 9);
insert into VIDEO (id, title, description, duration, url, likes, dislikes, uploaded_date, views, category_id, youtuber_id) values (34, 'Hunter, The', 'Praesent blandit lacinia erat. Vestibulum sed magna at nunc commodo placerat. Praesent blandit.', 10, 'http://dummyimage.com/168x100.png/5fa2dd/ffffff', 6986640525, 3585620228, '2022-04-26 11:03:54', 6447466432, 9, 4);
insert into VIDEO (id, title, description, duration, url, likes, dislikes, uploaded_date, views, category_id, youtuber_id) values (35, 'Missing Picture, The (L''image manquante)', 'Aliquam sit amet diam in magna bibendum imperdiet. Nullam orci pede, venenatis non, sodales sed, tincidunt eu, felis.', 6, 'http://dummyimage.com/229x100.png/dddddd/000000', 6096268593, 2341545229, '2022-01-30 01:02:47', 8593693290, 3, 3);
insert into VIDEO (id, title, description, duration, url, likes, dislikes, uploaded_date, views, category_id, youtuber_id) values (36, 'From the Hip', 'Integer non velit. Donec diam neque, vestibulum eget, vulputate ut, ultrices vel, augue.', 4, 'http://dummyimage.com/178x100.png/cc0000/ffffff', 3164734381, 4357367213, '2021-11-17 14:18:35', 532659299, 10, 9);
insert into VIDEO (id, title, description, duration, url, likes, dislikes, uploaded_date, views, category_id, youtuber_id) values (37, 'Out On A Limb', 'Ut at dolor quis odio consequat varius. Integer ac leo.', 5, 'http://dummyimage.com/234x100.png/5fa2dd/ffffff', 8198841184, 3706387134, '2021-12-16 23:28:38', 5299554462, 8, 6);
insert into VIDEO (id, title, description, duration, url, likes, dislikes, uploaded_date, views, category_id, youtuber_id) values (38, 'Laugh, Clown, Laugh', 'Integer tincidunt ante vel ipsum.', 8, 'http://dummyimage.com/214x100.png/dddddd/000000', 3571718256, 7813983817, '2021-07-31 01:54:58', 9037258385, 9, 3);
insert into VIDEO (id, title, description, duration, url, likes, dislikes, uploaded_date, views, category_id, youtuber_id) values (39, 'La Luna', 'Proin eu mi. Nulla ac enim.', 3, 'http://dummyimage.com/163x100.png/dddddd/000000', 6059395299, 9514384009, '2022-05-11 17:11:59', 6263450408, 8, 9);
insert into VIDEO (id, title, description, duration, url, likes, dislikes, uploaded_date, views, category_id, youtuber_id) values (40, 'Return to Life', 'Nam ultrices, libero non mattis pulvinar, nulla pede ullamcorper augue, a suscipit nulla elit ac nulla.', 5, 'http://dummyimage.com/143x100.png/5fa2dd/ffffff', 2149167730, 3807387949, '2022-02-28 14:27:14', 2932203913, 7, 7);
insert into VIDEO (id, title, description, duration, url, likes, dislikes, uploaded_date, views, category_id, youtuber_id) values (41, 'Never Die Alone', 'Quisque ut erat.', 7, 'http://dummyimage.com/144x100.png/5fa2dd/ffffff', 6127179275, 5397508138, '2022-01-09 00:49:57', 1614434978, 2, 6);
insert into VIDEO (id, title, description, duration, url, likes, dislikes, uploaded_date, views, category_id, youtuber_id) values (42, 'Happy Weekend', 'In eleifend quam a odio. In hac habitasse platea dictumst.', 9, 'http://dummyimage.com/242x100.png/dddddd/000000', 6366562287, 2731234630, '2021-08-08 01:48:51', 9019058407, 2, 3);
insert into VIDEO (id, title, description, duration, url, likes, dislikes, uploaded_date, views, category_id, youtuber_id) values (43, 'Sagebrush Trail', 'Cras pellentesque volutpat dui. Maecenas tristique, est et tempus semper, est quam pharetra magna, ac consequat metus sapien ut nunc.', 10, 'http://dummyimage.com/237x100.png/ff4444/ffffff', 237681327, 7025672840, '2022-01-10 03:53:49', 6669928456, 7, 5);
insert into VIDEO (id, title, description, duration, url, likes, dislikes, uploaded_date, views, category_id, youtuber_id) values (44, 'Cromwell', 'Proin eu mi. Nulla ac enim.', 8, 'http://dummyimage.com/130x100.png/ff4444/ffffff', 23187802, 1924841214, '2022-04-19 05:10:46', 7404196465, 5, 4);
insert into VIDEO (id, title, description, duration, url, likes, dislikes, uploaded_date, views, category_id, youtuber_id) values (45, 'Raisin in the Sun, A', 'Ut tellus.', 4, 'http://dummyimage.com/174x100.png/dddddd/000000', 6474919418, 3362251218, '2021-06-22 04:22:21', 1524402425, 6, 8);
insert into VIDEO (id, title, description, duration, url, likes, dislikes, uploaded_date, views, category_id, youtuber_id) values (46, 'Day of the Triffids, The', 'Donec semper sapien a libero. Nam dui.', 8, 'http://dummyimage.com/102x100.png/ff4444/ffffff', 489882132, 7087204596, '2022-03-19 02:07:09', 4823768579, 9, 4);
insert into VIDEO (id, title, description, duration, url, likes, dislikes, uploaded_date, views, category_id, youtuber_id) values (47, 'Cohen and Tate', 'Maecenas rhoncus aliquam lacus.', 10, 'http://dummyimage.com/159x100.png/cc0000/ffffff', 7919139163, 7361078801, '2021-06-15 11:30:39', 7703209553, 1, 1);
insert into VIDEO (id, title, description, duration, url, likes, dislikes, uploaded_date, views, category_id, youtuber_id) values (48, 'Joshua', 'Duis ac nibh. Fusce lacus purus, aliquet at, feugiat non, pretium quis, lectus.', 7, 'http://dummyimage.com/118x100.png/dddddd/000000', 6920681072, 7004367537, '2022-02-11 00:09:45', 3808836896, 1, 4);
insert into VIDEO (id, title, description, duration, url, likes, dislikes, uploaded_date, views, category_id, youtuber_id) values (49, 'Year of the Wolf, The (Suden vuosi)', 'Nam nulla. Integer pede justo, lacinia eget, tincidunt eget, tempus vel, pede.', 2, 'http://dummyimage.com/170x100.png/dddddd/000000', 4197691498, 320668627, '2022-05-21 04:51:49', 1644294489, 5, 7);
insert into VIDEO (id, title, description, duration, url, likes, dislikes, uploaded_date, views, category_id, youtuber_id) values (50, 'Omar', 'Nunc nisl. Duis bibendum, felis sed interdum venenatis, turpis enim blandit mi, in porttitor pede justo eu massa.', 4, 'http://dummyimage.com/233x100.png/ff4444/ffffff', 8435940454, 822874974, '2021-07-21 05:26:51', 8789109471, 1, 7);
insert into VIDEO (id, title, description, duration, url, likes, dislikes, uploaded_date, views, category_id, youtuber_id) values (51, 'Zebrahead', 'Praesent blandit.', 6, 'http://dummyimage.com/145x100.png/cc0000/ffffff', 2017235058, 5312848870, '2022-03-18 09:07:15', 6576856101, 8, 3);
insert into VIDEO (id, title, description, duration, url, likes, dislikes, uploaded_date, views, category_id, youtuber_id) values (52, 'Confidentially Yours (Vivement dimanche!)', 'Quisque arcu libero, rutrum ac, lobortis vel, dapibus at, diam.', 0, 'http://dummyimage.com/102x100.png/dddddd/000000', 1382246779, 49933206, '2021-10-09 00:08:40', 5169603968, 7, 4);
insert into VIDEO (id, title, description, duration, url, likes, dislikes, uploaded_date, views, category_id, youtuber_id) values (53, 'Within the Woods', 'Morbi sem mauris, laoreet ut, rhoncus aliquet, pulvinar sed, nisl.', 4, 'http://dummyimage.com/156x100.png/dddddd/000000', 5770178126, 7847118482, '2021-11-20 10:17:16', 1362895816, 4, 10);
insert into VIDEO (id, title, description, duration, url, likes, dislikes, uploaded_date, views, category_id, youtuber_id) values (54, 'Diary of a Country Priest (Journal d''un curé de campagne)', 'Praesent id massa id nisl venenatis lacinia. Aenean sit amet justo. Morbi ut odio.', 4, 'http://dummyimage.com/118x100.png/dddddd/000000', 7384136783, 2925173044, '2021-10-12 01:49:01', 8812861033, 1, 1);
insert into VIDEO (id, title, description, duration, url, likes, dislikes, uploaded_date, views, category_id, youtuber_id) values (55, 'Pool of London', 'Sed accumsan felis. Ut at dolor quis odio consequat varius.', 8, 'http://dummyimage.com/217x100.png/dddddd/000000', 2918119510, 1336152401, '2022-01-02 07:03:00', 6011379829, 4, 1);
insert into VIDEO (id, title, description, duration, url, likes, dislikes, uploaded_date, views, category_id, youtuber_id) values (56, 'Police, Adjective (Politist, adj.)', 'Proin eu mi. Nulla ac enim. In tempor, turpis nec euismod scelerisque, quam turpis adipiscing lorem, vitae mattis nibh ligula nec sem.', 10, 'http://dummyimage.com/165x100.png/5fa2dd/ffffff', 3480465603, 7263968086, '2022-03-24 09:57:56', 4782193177, 6, 3);
insert into VIDEO (id, title, description, duration, url, likes, dislikes, uploaded_date, views, category_id, youtuber_id) values (57, 'Kids', 'Suspendisse ornare consequat lectus. In est risus, auctor sed, tristique in, tempus sit amet, sem. Fusce consequat.', 3, 'http://dummyimage.com/115x100.png/ff4444/ffffff', 9892994281, 9899754420, '2022-03-14 03:21:22', 8307693535, 5, 6);
insert into VIDEO (id, title, description, duration, url, likes, dislikes, uploaded_date, views, category_id, youtuber_id) values (58, 'Story of a Love Affair (Cronaca di un amore)', 'Maecenas rhoncus aliquam lacus. Morbi quis tortor id nulla ultrices aliquet. Maecenas leo odio, condimentum id, luctus nec, molestie sed, justo.', 4, 'http://dummyimage.com/224x100.png/dddddd/000000', 9535445821, 6199025992, '2021-08-30 20:30:56', 2805103932, 3, 1);
insert into VIDEO (id, title, description, duration, url, likes, dislikes, uploaded_date, views, category_id, youtuber_id) values (59, 'Ambushers, The', 'Curabitur in libero ut massa volutpat convallis.', 0, 'http://dummyimage.com/243x100.png/cc0000/ffffff', 2271904083, 5657492325, '2022-03-05 04:30:05', 4296550237, 8, 1);
insert into VIDEO (id, title, description, duration, url, likes, dislikes, uploaded_date, views, category_id, youtuber_id) values (60, 'Inquire Within', 'Duis ac nibh. Fusce lacus purus, aliquet at, feugiat non, pretium quis, lectus. Suspendisse potenti.', 8, 'http://dummyimage.com/114x100.png/5fa2dd/ffffff', 5953520201, 3122072755, '2021-07-18 14:07:14', 370900257, 4, 6);
insert into VIDEO (id, title, description, duration, url, likes, dislikes, uploaded_date, views, category_id, youtuber_id) values (61, 'Hateship Loveship', 'Sed ante. Vivamus tortor.', 9, 'http://dummyimage.com/123x100.png/5fa2dd/ffffff', 4516344748, 8603758113, '2022-02-16 22:29:54', 4390154925, 9, 4);
insert into VIDEO (id, title, description, duration, url, likes, dislikes, uploaded_date, views, category_id, youtuber_id) values (62, 'Baran', 'Nullam sit amet turpis elementum ligula vehicula consequat. Morbi a ipsum. Integer a nibh.', 3, 'http://dummyimage.com/154x100.png/5fa2dd/ffffff', 6125437948, 9783818545, '2022-03-19 03:24:18', 532723097, 3, 6);
insert into VIDEO (id, title, description, duration, url, likes, dislikes, uploaded_date, views, category_id, youtuber_id) values (63, 'Living and the Dead, The', 'Fusce lacus purus, aliquet at, feugiat non, pretium quis, lectus. Suspendisse potenti.', 8, 'http://dummyimage.com/234x100.png/cc0000/ffffff', 5853688498, 4329327802, '2021-07-08 02:27:32', 7684761824, 8, 6);
insert into VIDEO (id, title, description, duration, url, likes, dislikes, uploaded_date, views, category_id, youtuber_id) values (64, 'Marihuana', 'Sed accumsan felis. Ut at dolor quis odio consequat varius.', 10, 'http://dummyimage.com/218x100.png/cc0000/ffffff', 8922230701, 78623732, '2022-04-26 08:46:35', 2527557165, 9, 7);
insert into VIDEO (id, title, description, duration, url, likes, dislikes, uploaded_date, views, category_id, youtuber_id) values (65, 'Manhunter', 'In hac habitasse platea dictumst. Morbi vestibulum, velit id pretium iaculis, diam erat fermentum justo, nec condimentum neque sapien placerat ante. Nulla justo.', 2, 'http://dummyimage.com/250x100.png/dddddd/000000', 6830725084, 9147046636, '2021-08-26 05:17:51', 3628559044, 6, 9);
insert into VIDEO (id, title, description, duration, url, likes, dislikes, uploaded_date, views, category_id, youtuber_id) values (66, 'Some Girls', 'Donec dapibus.', 2, 'http://dummyimage.com/169x100.png/dddddd/000000', 3999297388, 6469065304, '2021-08-31 12:49:17', 1390494726, 8, 4);
insert into VIDEO (id, title, description, duration, url, likes, dislikes, uploaded_date, views, category_id, youtuber_id) values (67, 'Shit Year', 'Pellentesque viverra pede ac diam. Cras pellentesque volutpat dui. Maecenas tristique, est et tempus semper, est quam pharetra magna, ac consequat metus sapien ut nunc.', 10, 'http://dummyimage.com/121x100.png/ff4444/ffffff', 7357145194, 3985214647, '2021-07-20 04:02:05', 5136658854, 6, 3);
insert into VIDEO (id, title, description, duration, url, likes, dislikes, uploaded_date, views, category_id, youtuber_id) values (68, 'Xuxa in Crystal Moon', 'Vestibulum rutrum rutrum neque. Aenean auctor gravida sem.', 6, 'http://dummyimage.com/213x100.png/cc0000/ffffff', 8708094403, 6313804627, '2022-05-05 23:01:42', 7721535125, 9, 8);
insert into VIDEO (id, title, description, duration, url, likes, dislikes, uploaded_date, views, category_id, youtuber_id) values (69, 'Goebbels Experiment, The (Das Goebbels Experiment)', 'Pellentesque at nulla. Suspendisse potenti. Cras in purus eu magna vulputate luctus.', 1, 'http://dummyimage.com/141x100.png/5fa2dd/ffffff', 638977152, 1130805514, '2021-10-18 14:10:08', 7822557573, 3, 8);
insert into VIDEO (id, title, description, duration, url, likes, dislikes, uploaded_date, views, category_id, youtuber_id) values (70, 'Salaam-E-Ishq', 'Integer aliquet, massa id lobortis convallis, tortor risus dapibus augue, vel accumsan tellus nisi eu orci. Mauris lacinia sapien quis libero. Nullam sit amet turpis elementum ligula vehicula consequat.', 10, 'http://dummyimage.com/220x100.png/5fa2dd/ffffff', 6226184798, 3325741657, '2021-06-05 00:11:19', 4000166067, 3, 7);
insert into VIDEO (id, title, description, duration, url, likes, dislikes, uploaded_date, views, category_id, youtuber_id) values (71, 'Frozen Days', 'Nam dui.', 2, 'http://dummyimage.com/228x100.png/5fa2dd/ffffff', 3276673700, 5450827999, '2021-12-19 17:03:19', 5080478959, 5, 4);
insert into VIDEO (id, title, description, duration, url, likes, dislikes, uploaded_date, views, category_id, youtuber_id) values (72, 'Everybody''s Famous! (Iedereen beroemd!)', 'Suspendisse potenti. Cras in purus eu magna vulputate luctus. Cum sociis natoque penatibus et magnis dis parturient montes, nascetur ridiculus mus.', 9, 'http://dummyimage.com/223x100.png/5fa2dd/ffffff', 2392489150, 5516927845, '2022-01-21 12:08:39', 6238798092, 8, 3);
insert into VIDEO (id, title, description, duration, url, likes, dislikes, uploaded_date, views, category_id, youtuber_id) values (73, 'Muzi v nadeji', 'Mauris sit amet eros. Suspendisse accumsan tortor quis turpis.', 7, 'http://dummyimage.com/229x100.png/cc0000/ffffff', 9874021867, 3348985494, '2022-05-11 14:14:47', 5048486620, 7, 7);
insert into VIDEO (id, title, description, duration, url, likes, dislikes, uploaded_date, views, category_id, youtuber_id) values (74, 'Creature', 'Aenean sit amet justo. Morbi ut odio. Cras mi pede, malesuada in, imperdiet et, commodo vulputate, justo.', 1, 'http://dummyimage.com/139x100.png/5fa2dd/ffffff', 4381377230, 1015851478, '2022-01-11 00:53:55', 8262653958, 5, 6);
insert into VIDEO (id, title, description, duration, url, likes, dislikes, uploaded_date, views, category_id, youtuber_id) values (75, 'Stickup, The', 'Curabitur gravida nisi at nibh. In hac habitasse platea dictumst. Aliquam augue quam, sollicitudin vitae, consectetuer eget, rutrum at, lorem.', 3, 'http://dummyimage.com/248x100.png/5fa2dd/ffffff', 3106284215, 8450831001, '2022-05-11 16:03:18', 3615190981, 8, 10);
insert into VIDEO (id, title, description, duration, url, likes, dislikes, uploaded_date, views, category_id, youtuber_id) values (76, 'Penthouse North', 'Quisque ut erat. Curabitur gravida nisi at nibh. In hac habitasse platea dictumst.', 1, 'http://dummyimage.com/191x100.png/5fa2dd/ffffff', 1514264435, 9538780248, '2021-06-14 01:18:06', 3187096146, 10, 4);
insert into VIDEO (id, title, description, duration, url, likes, dislikes, uploaded_date, views, category_id, youtuber_id) values (77, 'Burning Bed, The', 'Aliquam augue quam, sollicitudin vitae, consectetuer eget, rutrum at, lorem. Integer tincidunt ante vel ipsum.', 9, 'http://dummyimage.com/193x100.png/dddddd/000000', 830711030, 7169679560, '2021-05-23 22:19:43', 3175356722, 1, 2);
insert into VIDEO (id, title, description, duration, url, likes, dislikes, uploaded_date, views, category_id, youtuber_id) values (78, 'My Fake  Fiance', 'Proin risus. Praesent lectus. Vestibulum quam sapien, varius ut, blandit non, interdum in, ante.', 0, 'http://dummyimage.com/155x100.png/ff4444/ffffff', 6852748010, 8189858970, '2022-01-19 17:49:51', 5860228602, 10, 6);
insert into VIDEO (id, title, description, duration, url, likes, dislikes, uploaded_date, views, category_id, youtuber_id) values (79, 'How the Myth Was Made: A Study of Robert Flaherty''s Man of Aran', 'Suspendisse potenti. In eleifend quam a odio.', 3, 'http://dummyimage.com/157x100.png/dddddd/000000', 7942458765, 9649777613, '2021-06-23 08:22:16', 9637328415, 2, 8);
insert into VIDEO (id, title, description, duration, url, likes, dislikes, uploaded_date, views, category_id, youtuber_id) values (80, 'Name for Evil, A', 'Quisque id justo sit amet sapien dignissim vestibulum. Vestibulum ante ipsum primis in faucibus orci luctus et ultrices posuere cubilia Curae; Nulla dapibus dolor vel est.', 3, 'http://dummyimage.com/201x100.png/dddddd/000000', 927302403, 5035867372, '2022-05-19 20:12:51', 4324665894, 9, 4);
insert into VIDEO (id, title, description, duration, url, likes, dislikes, uploaded_date, views, category_id, youtuber_id) values (81, 'Girl, The', 'Proin eu mi.', 6, 'http://dummyimage.com/153x100.png/ff4444/ffffff', 9039792830, 5257847524, '2021-07-23 14:28:06', 5460573162, 3, 6);
insert into VIDEO (id, title, description, duration, url, likes, dislikes, uploaded_date, views, category_id, youtuber_id) values (82, 'Following Sean', 'Morbi vestibulum, velit id pretium iaculis, diam erat fermentum justo, nec condimentum neque sapien placerat ante. Nulla justo. Aliquam quis turpis eget elit sodales scelerisque.', 5, 'http://dummyimage.com/199x100.png/ff4444/ffffff', 5695207839, 560011409, '2021-12-04 05:46:29', 8101141566, 4, 3);
insert into VIDEO (id, title, description, duration, url, likes, dislikes, uploaded_date, views, category_id, youtuber_id) values (83, 'Watchers', 'Fusce consequat. Nulla nisl. Nunc nisl.', 5, 'http://dummyimage.com/194x100.png/5fa2dd/ffffff', 476595969, 6920645756, '2021-09-09 01:30:55', 2189765201, 2, 10);
insert into VIDEO (id, title, description, duration, url, likes, dislikes, uploaded_date, views, category_id, youtuber_id) values (84, 'Phenomenon', 'Quisque arcu libero, rutrum ac, lobortis vel, dapibus at, diam. Nam tristique tortor eu pede.', 10, 'http://dummyimage.com/237x100.png/cc0000/ffffff', 5544123168, 5992991157, '2022-05-20 15:21:38', 5888776318, 10, 5);
insert into VIDEO (id, title, description, duration, url, likes, dislikes, uploaded_date, views, category_id, youtuber_id) values (85, 'Heat', 'Integer non velit. Donec diam neque, vestibulum eget, vulputate ut, ultrices vel, augue.', 9, 'http://dummyimage.com/232x100.png/dddddd/000000', 5773176063, 41633048, '2022-03-17 15:22:14', 6263199610, 9, 4);
insert into VIDEO (id, title, description, duration, url, likes, dislikes, uploaded_date, views, category_id, youtuber_id) values (86, '187 (One Eight Seven)', 'Nulla facilisi. Cras non velit nec nisi vulputate nonummy.', 7, 'http://dummyimage.com/216x100.png/ff4444/ffffff', 1249207346, 1204757660, '2022-01-17 01:18:24', 8384437721, 3, 1);
insert into VIDEO (id, title, description, duration, url, likes, dislikes, uploaded_date, views, category_id, youtuber_id) values (87, 'Sisters of the Gion (Gion no shimai)', 'Morbi a ipsum.', 5, 'http://dummyimage.com/100x100.png/ff4444/ffffff', 4865557262, 8565245397, '2021-07-30 07:53:05', 4111147461, 7, 6);
insert into VIDEO (id, title, description, duration, url, likes, dislikes, uploaded_date, views, category_id, youtuber_id) values (88, 'Pearl Jam: Immagine in Cornice - Live in Italy 2006', 'Ut at dolor quis odio consequat varius. Integer ac leo.', 6, 'http://dummyimage.com/113x100.png/5fa2dd/ffffff', 9936741196, 797353273, '2022-01-18 23:56:29', 4314161946, 3, 6);
insert into VIDEO (id, title, description, duration, url, likes, dislikes, uploaded_date, views, category_id, youtuber_id) values (89, 'Hindenburg, The', 'In hac habitasse platea dictumst. Aliquam augue quam, sollicitudin vitae, consectetuer eget, rutrum at, lorem.', 1, 'http://dummyimage.com/128x100.png/5fa2dd/ffffff', 869382448, 8693960649, '2021-05-31 19:45:30', 5046823568, 10, 9);
insert into VIDEO (id, title, description, duration, url, likes, dislikes, uploaded_date, views, category_id, youtuber_id) values (90, 'Inheritors, The (Siebtelbauern, Die)', 'Fusce posuere felis sed lacus. Morbi sem mauris, laoreet ut, rhoncus aliquet, pulvinar sed, nisl. Nunc rhoncus dui vel sem.', 8, 'http://dummyimage.com/134x100.png/cc0000/ffffff', 7004544247, 5709564634, '2021-12-06 17:26:47', 6807787044, 2, 9);
insert into VIDEO (id, title, description, duration, url, likes, dislikes, uploaded_date, views, category_id, youtuber_id) values (91, 'Pokémon the Movie: White - Victini and Zekrom', 'Duis at velit eu est congue elementum. In hac habitasse platea dictumst.', 5, 'http://dummyimage.com/117x100.png/ff4444/ffffff', 9199459818, 9476860280, '2021-11-18 11:14:03', 5450819510, 3, 5);
insert into VIDEO (id, title, description, duration, url, likes, dislikes, uploaded_date, views, category_id, youtuber_id) values (92, 'Jonestown: The Life and Death of Peoples Temple', 'Donec dapibus.', 6, 'http://dummyimage.com/228x100.png/5fa2dd/ffffff', 8473618792, 1701727720, '2021-11-16 01:56:41', 9917247221, 4, 10);
insert into VIDEO (id, title, description, duration, url, likes, dislikes, uploaded_date, views, category_id, youtuber_id) values (93, 'The Uncommon Making of Petulia', 'Lorem ipsum dolor sit amet, consectetuer adipiscing elit.', 9, 'http://dummyimage.com/122x100.png/dddddd/000000', 2877591562, 1436419055, '2021-06-26 17:36:19', 785012519, 4, 9);
insert into VIDEO (id, title, description, duration, url, likes, dislikes, uploaded_date, views, category_id, youtuber_id) values (94, 'Diplomatic Immunity (2009– )', 'Morbi quis tortor id nulla ultrices aliquet.', 0, 'http://dummyimage.com/163x100.png/ff4444/ffffff', 5756834931, 8217431672, '2021-08-20 04:26:08', 5955774425, 3, 10);
insert into VIDEO (id, title, description, duration, url, likes, dislikes, uploaded_date, views, category_id, youtuber_id) values (95, 'Belly of an Architect, The', 'Integer ac leo. Pellentesque ultrices mattis odio.', 9, 'http://dummyimage.com/161x100.png/5fa2dd/ffffff', 5910208261, 9556469355, '2022-05-19 05:48:13', 1330469922, 9, 2);
insert into VIDEO (id, title, description, duration, url, likes, dislikes, uploaded_date, views, category_id, youtuber_id) values (96, 'Meltdown: Days of Destruction', 'Etiam pretium iaculis justo. In hac habitasse platea dictumst. Etiam faucibus cursus urna.', 7, 'http://dummyimage.com/103x100.png/ff4444/ffffff', 3024663688, 7899119930, '2022-04-29 10:41:23', 2810235427, 7, 10);
insert into VIDEO (id, title, description, duration, url, likes, dislikes, uploaded_date, views, category_id, youtuber_id) values (97, 'Escape Artist, The', 'Aenean sit amet justo.', 3, 'http://dummyimage.com/138x100.png/5fa2dd/ffffff', 6192688716, 4113981349, '2022-01-15 21:37:03', 3161530248, 5, 3);
insert into VIDEO (id, title, description, duration, url, likes, dislikes, uploaded_date, views, category_id, youtuber_id) values (98, 'The Last Farm', 'Proin at turpis a pede posuere nonummy.', 5, 'http://dummyimage.com/128x100.png/5fa2dd/ffffff', 5376066655, 3909837536, '2022-03-19 11:49:47', 8113961687, 8, 10);
insert into VIDEO (id, title, description, duration, url, likes, dislikes, uploaded_date, views, category_id, youtuber_id) values (99, 'Belly 2: Millionaire Boyz Club', 'Maecenas pulvinar lobortis est.', 9, 'http://dummyimage.com/206x100.png/dddddd/000000', 535640537, 8895302404, '2021-06-04 09:39:26', 1446511247, 3, 3);
insert into VIDEO (id, title, description, duration, url, likes, dislikes, uploaded_date, views, category_id, youtuber_id) values (100, 'Ten Commandments, The', 'Phasellus in felis.', 3, 'http://dummyimage.com/200x100.png/cc0000/ffffff', 963074166, 3462264694, '2022-04-23 17:31:14', 7715966220, 2, 6);

insert into REVIEWS (id, comment, rating, reviews_date, video_id, youtuber_id) values (1, 'Vivamus tortor.', 1, '2021-08-05 05:41:58', 23, 5);
insert into REVIEWS (id, comment, rating, reviews_date, video_id, youtuber_id) values (2, 'Integer ac neque.', 4, '2022-01-21 06:20:14', 39, 5);
insert into REVIEWS (id, comment, rating, reviews_date, video_id, youtuber_id) values (3, 'Donec ut mauris eget massa tempor convallis.', 4, '2021-09-21 20:23:23', 37, 7);
insert into REVIEWS (id, comment, rating, reviews_date, video_id, youtuber_id) values (4, 'Nulla tempus. Vivamus in felis eu sapien cursus vestibulum.', 2, '2021-06-21 14:23:17', 41, 4);
insert into REVIEWS (id, comment, rating, reviews_date, video_id, youtuber_id) values (5, 'Pellentesque eget nunc. Donec quis orci eget orci vehicula condimentum.', 0, '2021-11-24 21:49:01', 94, 9);
insert into REVIEWS (id, comment, rating, reviews_date, video_id, youtuber_id) values (6, 'Ut at dolor quis odio consequat varius. Integer ac leo.', 0, '2022-04-08 17:37:58', 100, 5);
insert into REVIEWS (id, comment, rating, reviews_date, video_id, youtuber_id) values (7, 'Sed vel enim sit amet nunc viverra dapibus. Nulla suscipit ligula in lacus.', 1, '2022-03-22 18:27:17', 74, 5);
insert into REVIEWS (id, comment, rating, reviews_date, video_id, youtuber_id) values (8, 'Aenean sit amet justo.', 2, '2021-12-29 21:11:35', 88, 2);
insert into REVIEWS (id, comment, rating, reviews_date, video_id, youtuber_id) values (9, 'Morbi non lectus. Aliquam sit amet diam in magna bibendum imperdiet. Nullam orci pede, venenatis non, sodales sed, tincidunt eu, felis.', 3, '2021-07-27 00:54:19', 80, 3);
insert into REVIEWS (id, comment, rating, reviews_date, video_id, youtuber_id) values (10, 'Aliquam erat volutpat.', 4, '2022-03-21 01:37:08', 65, 6);
insert into REVIEWS (id, comment, rating, reviews_date, video_id, youtuber_id) values (11, 'In hac habitasse platea dictumst.', 2, '2021-09-29 00:15:49', 96, 7);
insert into REVIEWS (id, comment, rating, reviews_date, video_id, youtuber_id) values (12, 'Fusce lacus purus, aliquet at, feugiat non, pretium quis, lectus. Suspendisse potenti. In eleifend quam a odio.', 4, '2021-09-27 18:26:53', 87, 8);
insert into REVIEWS (id, comment, rating, reviews_date, video_id, youtuber_id) values (13, 'Lorem ipsum dolor sit amet, consectetuer adipiscing elit. Proin interdum mauris non ligula pellentesque ultrices.', 1, '2021-07-12 08:40:34', 69, 2);
insert into REVIEWS (id, comment, rating, reviews_date, video_id, youtuber_id) values (14, 'Maecenas rhoncus aliquam lacus. Morbi quis tortor id nulla ultrices aliquet.', 5, '2021-07-19 17:15:31', 7, 1);
insert into REVIEWS (id, comment, rating, reviews_date, video_id, youtuber_id) values (15, 'In hac habitasse platea dictumst. Etiam faucibus cursus urna.', 2, '2022-03-14 11:17:35', 97, 9);
insert into REVIEWS (id, comment, rating, reviews_date, video_id, youtuber_id) values (16, 'Proin leo odio, porttitor id, consequat in, consequat ut, nulla. Sed accumsan felis.', 5, '2022-04-17 18:05:44', 8, 4);
insert into REVIEWS (id, comment, rating, reviews_date, video_id, youtuber_id) values (17, 'Pellentesque at nulla. Suspendisse potenti. Cras in purus eu magna vulputate luctus.', 5, '2021-10-11 04:09:10', 81, 7);
insert into REVIEWS (id, comment, rating, reviews_date, video_id, youtuber_id) values (18, 'Proin interdum mauris non ligula pellentesque ultrices.', 1, '2021-10-24 19:23:56', 10, 2);
insert into REVIEWS (id, comment, rating, reviews_date, video_id, youtuber_id) values (19, 'Duis at velit eu est congue elementum. In hac habitasse platea dictumst. Morbi vestibulum, velit id pretium iaculis, diam erat fermentum justo, nec condimentum neque sapien placerat ante.', 2, '2021-08-03 03:01:36', 2, 7);
insert into REVIEWS (id, comment, rating, reviews_date, video_id, youtuber_id) values (20, 'Nullam varius. Nulla facilisi. Cras non velit nec nisi vulputate nonummy.', 3, '2022-02-05 07:18:10', 35, 1);
insert into REVIEWS (id, comment, rating, reviews_date, video_id, youtuber_id) values (21, 'Nullam orci pede, venenatis non, sodales sed, tincidunt eu, felis. Fusce posuere felis sed lacus. Morbi sem mauris, laoreet ut, rhoncus aliquet, pulvinar sed, nisl.', 4, '2022-03-08 00:31:52', 30, 7);
insert into REVIEWS (id, comment, rating, reviews_date, video_id, youtuber_id) values (22, 'Aliquam sit amet diam in magna bibendum imperdiet.', 4, '2021-08-15 21:05:13', 55, 8);
insert into REVIEWS (id, comment, rating, reviews_date, video_id, youtuber_id) values (23, 'Ut at dolor quis odio consequat varius. Integer ac leo. Pellentesque ultrices mattis odio.', 3, '2021-08-13 16:11:22', 17, 6);
insert into REVIEWS (id, comment, rating, reviews_date, video_id, youtuber_id) values (24, 'Aliquam non mauris.', 1, '2021-10-15 17:27:23', 40, 7);
insert into REVIEWS (id, comment, rating, reviews_date, video_id, youtuber_id) values (25, 'Aenean sit amet justo. Morbi ut odio.', 3, '2022-04-20 20:08:48', 19, 5);
insert into REVIEWS (id, comment, rating, reviews_date, video_id, youtuber_id) values (26, 'Nunc rhoncus dui vel sem.', 4, '2022-05-01 14:54:48', 44, 10);
insert into REVIEWS (id, comment, rating, reviews_date, video_id, youtuber_id) values (27, 'Duis consequat dui nec nisi volutpat eleifend.', 2, '2022-05-09 17:45:43', 20, 1);
insert into REVIEWS (id, comment, rating, reviews_date, video_id, youtuber_id) values (28, 'Pellentesque ultrices mattis odio. Donec vitae nisi.', 2, '2021-08-06 03:26:25', 100, 8);
insert into REVIEWS (id, comment, rating, reviews_date, video_id, youtuber_id) values (29, 'Integer tincidunt ante vel ipsum. Praesent blandit lacinia erat.', 3, '2022-04-01 18:53:58', 59, 3);
insert into REVIEWS (id, comment, rating, reviews_date, video_id, youtuber_id) values (30, 'Maecenas ut massa quis augue luctus tincidunt. Nulla mollis molestie lorem.', 5, '2021-12-05 04:18:14', 76, 3);
insert into REVIEWS (id, comment, rating, reviews_date, video_id, youtuber_id) values (31, 'Morbi porttitor lorem id ligula. Suspendisse ornare consequat lectus.', 0, '2021-07-29 18:49:18', 66, 9);
insert into REVIEWS (id, comment, rating, reviews_date, video_id, youtuber_id) values (32, 'Quisque erat eros, viverra eget, congue eget, semper rutrum, nulla.', 0, '2021-12-02 10:43:55', 17, 3);
insert into REVIEWS (id, comment, rating, reviews_date, video_id, youtuber_id) values (33, 'Vivamus in felis eu sapien cursus vestibulum. Proin eu mi. Nulla ac enim.', 4, '2022-03-01 23:23:26', 46, 5);
insert into REVIEWS (id, comment, rating, reviews_date, video_id, youtuber_id) values (34, 'Etiam justo. Etiam pretium iaculis justo. In hac habitasse platea dictumst.', 5, '2021-10-28 09:31:12', 14, 6);
insert into REVIEWS (id, comment, rating, reviews_date, video_id, youtuber_id) values (35, 'Integer tincidunt ante vel ipsum.', 4, '2021-11-18 00:56:00', 69, 8);
insert into REVIEWS (id, comment, rating, reviews_date, video_id, youtuber_id) values (36, 'Nulla facilisi. Cras non velit nec nisi vulputate nonummy.', 4, '2022-04-06 16:30:24', 44, 2);
insert into REVIEWS (id, comment, rating, reviews_date, video_id, youtuber_id) values (37, 'In quis justo.', 2, '2021-12-20 09:24:54', 40, 10);
insert into REVIEWS (id, comment, rating, reviews_date, video_id, youtuber_id) values (38, 'Morbi sem mauris, laoreet ut, rhoncus aliquet, pulvinar sed, nisl.', 3, '2021-07-03 10:01:52', 66, 2);
insert into REVIEWS (id, comment, rating, reviews_date, video_id, youtuber_id) values (39, 'Duis ac nibh. Fusce lacus purus, aliquet at, feugiat non, pretium quis, lectus.', 2, '2021-06-16 11:42:49', 64, 5);
insert into REVIEWS (id, comment, rating, reviews_date, video_id, youtuber_id) values (40, 'In hac habitasse platea dictumst. Etiam faucibus cursus urna.', 4, '2021-11-03 15:26:54', 60, 2);
insert into REVIEWS (id, comment, rating, reviews_date, video_id, youtuber_id) values (41, 'Nulla neque libero, convallis eget, eleifend luctus, ultricies eu, nibh. Quisque id justo sit amet sapien dignissim vestibulum.', 1, '2021-05-29 11:52:32', 63, 1);
insert into REVIEWS (id, comment, rating, reviews_date, video_id, youtuber_id) values (42, 'In tempor, turpis nec euismod scelerisque, quam turpis adipiscing lorem, vitae mattis nibh ligula nec sem. Duis aliquam convallis nunc.', 5, '2021-11-09 19:34:11', 58, 8);
insert into REVIEWS (id, comment, rating, reviews_date, video_id, youtuber_id) values (43, 'Aliquam erat volutpat.', 5, '2021-06-27 19:27:26', 96, 8);
insert into REVIEWS (id, comment, rating, reviews_date, video_id, youtuber_id) values (44, 'Nullam sit amet turpis elementum ligula vehicula consequat.', 1, '2022-01-01 22:26:46', 34, 6);
insert into REVIEWS (id, comment, rating, reviews_date, video_id, youtuber_id) values (45, 'Cras pellentesque volutpat dui. Maecenas tristique, est et tempus semper, est quam pharetra magna, ac consequat metus sapien ut nunc. Vestibulum ante ipsum primis in faucibus orci luctus et ultrices posuere cubilia Curae; Mauris viverra diam vitae quam.', 5, '2021-09-05 08:43:01', 43, 10);
insert into REVIEWS (id, comment, rating, reviews_date, video_id, youtuber_id) values (46, 'Vestibulum quam sapien, varius ut, blandit non, interdum in, ante. Vestibulum ante ipsum primis in faucibus orci luctus et ultrices posuere cubilia Curae; Duis faucibus accumsan odio. Curabitur convallis.', 3, '2021-09-02 17:15:05', 93, 3);
insert into REVIEWS (id, comment, rating, reviews_date, video_id, youtuber_id) values (47, 'Nulla nisl. Nunc nisl. Duis bibendum, felis sed interdum venenatis, turpis enim blandit mi, in porttitor pede justo eu massa.', 1, '2021-07-15 12:37:52', 32, 2);
insert into REVIEWS (id, comment, rating, reviews_date, video_id, youtuber_id) values (48, 'Vestibulum ante ipsum primis in faucibus orci luctus et ultrices posuere cubilia Curae; Nulla dapibus dolor vel est. Donec odio justo, sollicitudin ut, suscipit a, feugiat et, eros. Vestibulum ac est lacinia nisi venenatis tristique.', 4, '2022-01-14 14:33:46', 91, 2);
insert into REVIEWS (id, comment, rating, reviews_date, video_id, youtuber_id) values (49, 'Curabitur gravida nisi at nibh. In hac habitasse platea dictumst.', 0, '2022-01-05 02:14:35', 43, 8);
insert into REVIEWS (id, comment, rating, reviews_date, video_id, youtuber_id) values (50, 'Nam tristique tortor eu pede.', 3, '2021-09-05 10:29:32', 62, 8);
insert into REVIEWS (id, comment, rating, reviews_date, video_id, youtuber_id) values (51, 'Mauris enim leo, rhoncus sed, vestibulum sit amet, cursus id, turpis. Integer aliquet, massa id lobortis convallis, tortor risus dapibus augue, vel accumsan tellus nisi eu orci.', 0, '2022-05-12 07:37:31', 79, 8);
insert into REVIEWS (id, comment, rating, reviews_date, video_id, youtuber_id) values (52, 'Nam dui. Proin leo odio, porttitor id, consequat in, consequat ut, nulla. Sed accumsan felis.', 2, '2021-07-29 07:25:44', 38, 8);
insert into REVIEWS (id, comment, rating, reviews_date, video_id, youtuber_id) values (53, 'Duis bibendum, felis sed interdum venenatis, turpis enim blandit mi, in porttitor pede justo eu massa. Donec dapibus. Duis at velit eu est congue elementum.', 4, '2021-11-13 07:23:46', 42, 4);
insert into REVIEWS (id, comment, rating, reviews_date, video_id, youtuber_id) values (54, 'Nulla tempus. Vivamus in felis eu sapien cursus vestibulum.', 5, '2021-07-07 14:31:40', 18, 7);
insert into REVIEWS (id, comment, rating, reviews_date, video_id, youtuber_id) values (55, 'Duis consequat dui nec nisi volutpat eleifend.', 1, '2022-01-29 13:49:35', 39, 9);
insert into REVIEWS (id, comment, rating, reviews_date, video_id, youtuber_id) values (56, 'Morbi non lectus. Aliquam sit amet diam in magna bibendum imperdiet. Nullam orci pede, venenatis non, sodales sed, tincidunt eu, felis.', 0, '2021-11-11 17:17:48', 85, 3);
insert into REVIEWS (id, comment, rating, reviews_date, video_id, youtuber_id) values (57, 'Duis aliquam convallis nunc.', 3, '2022-04-22 13:42:07', 34, 5);
insert into REVIEWS (id, comment, rating, reviews_date, video_id, youtuber_id) values (58, 'Duis consequat dui nec nisi volutpat eleifend. Donec ut dolor.', 5, '2021-07-15 02:30:29', 8, 8);
insert into REVIEWS (id, comment, rating, reviews_date, video_id, youtuber_id) values (59, 'Sed sagittis. Nam congue, risus semper porta volutpat, quam pede lobortis ligula, sit amet eleifend pede libero quis orci. Nullam molestie nibh in lectus.', 3, '2022-04-22 22:34:58', 57, 10);
insert into REVIEWS (id, comment, rating, reviews_date, video_id, youtuber_id) values (60, 'Duis ac nibh. Fusce lacus purus, aliquet at, feugiat non, pretium quis, lectus. Suspendisse potenti.', 0, '2022-05-04 22:08:07', 42, 10);
insert into REVIEWS (id, comment, rating, reviews_date, video_id, youtuber_id) values (61, 'Duis bibendum. Morbi non quam nec dui luctus rutrum.', 1, '2021-11-21 06:58:55', 3, 4);
insert into REVIEWS (id, comment, rating, reviews_date, video_id, youtuber_id) values (62, 'Fusce consequat.', 2, '2021-11-22 07:19:23', 84, 1);
insert into REVIEWS (id, comment, rating, reviews_date, video_id, youtuber_id) values (63, 'Aenean lectus. Pellentesque eget nunc. Donec quis orci eget orci vehicula condimentum.', 3, '2022-02-16 12:04:30', 9, 1);
insert into REVIEWS (id, comment, rating, reviews_date, video_id, youtuber_id) values (64, 'Proin at turpis a pede posuere nonummy. Integer non velit. Donec diam neque, vestibulum eget, vulputate ut, ultrices vel, augue.', 5, '2022-02-19 07:07:26', 74, 8);
insert into REVIEWS (id, comment, rating, reviews_date, video_id, youtuber_id) values (65, 'Pellentesque at nulla. Suspendisse potenti. Cras in purus eu magna vulputate luctus.', 3, '2021-08-01 18:35:03', 24, 7);
insert into REVIEWS (id, comment, rating, reviews_date, video_id, youtuber_id) values (66, 'Aliquam augue quam, sollicitudin vitae, consectetuer eget, rutrum at, lorem. Integer tincidunt ante vel ipsum.', 5, '2021-09-27 13:41:29', 2, 4);
insert into REVIEWS (id, comment, rating, reviews_date, video_id, youtuber_id) values (67, 'Suspendisse accumsan tortor quis turpis. Sed ante. Vivamus tortor.', 2, '2021-11-22 18:01:43', 48, 7);
insert into REVIEWS (id, comment, rating, reviews_date, video_id, youtuber_id) values (68, 'Phasellus in felis. Donec semper sapien a libero. Nam dui.', 0, '2021-09-19 21:44:32', 16, 7);
insert into REVIEWS (id, comment, rating, reviews_date, video_id, youtuber_id) values (69, 'Nam ultrices, libero non mattis pulvinar, nulla pede ullamcorper augue, a suscipit nulla elit ac nulla. Sed vel enim sit amet nunc viverra dapibus. Nulla suscipit ligula in lacus.', 0, '2022-02-25 08:59:11', 10, 8);
insert into REVIEWS (id, comment, rating, reviews_date, video_id, youtuber_id) values (70, 'Morbi ut odio. Cras mi pede, malesuada in, imperdiet et, commodo vulputate, justo.', 4, '2022-04-26 11:45:24', 60, 1);
insert into REVIEWS (id, comment, rating, reviews_date, video_id, youtuber_id) values (71, 'Aliquam erat volutpat. In congue.', 2, '2022-04-01 19:22:24', 75, 7);
insert into REVIEWS (id, comment, rating, reviews_date, video_id, youtuber_id) values (72, 'Vestibulum quam sapien, varius ut, blandit non, interdum in, ante.', 0, '2022-01-24 16:36:34', 75, 4);
insert into REVIEWS (id, comment, rating, reviews_date, video_id, youtuber_id) values (73, 'Nulla ac enim.', 5, '2021-10-22 06:44:54', 88, 4);
insert into REVIEWS (id, comment, rating, reviews_date, video_id, youtuber_id) values (74, 'Suspendisse potenti. In eleifend quam a odio. In hac habitasse platea dictumst.', 2, '2021-07-25 14:20:12', 65, 4);
insert into REVIEWS (id, comment, rating, reviews_date, video_id, youtuber_id) values (75, 'In sagittis dui vel nisl. Duis ac nibh. Fusce lacus purus, aliquet at, feugiat non, pretium quis, lectus.', 2, '2022-03-15 14:09:07', 57, 2);
insert into REVIEWS (id, comment, rating, reviews_date, video_id, youtuber_id) values (76, 'Aliquam augue quam, sollicitudin vitae, consectetuer eget, rutrum at, lorem. Integer tincidunt ante vel ipsum. Praesent blandit lacinia erat.', 0, '2022-03-30 03:37:12', 18, 7);
insert into REVIEWS (id, comment, rating, reviews_date, video_id, youtuber_id) values (77, 'Vestibulum ac est lacinia nisi venenatis tristique. Fusce congue, diam id ornare imperdiet, sapien urna pretium nisl, ut volutpat sapien arcu sed augue.', 4, '2021-08-21 09:47:03', 76, 10);
insert into REVIEWS (id, comment, rating, reviews_date, video_id, youtuber_id) values (78, 'Nulla neque libero, convallis eget, eleifend luctus, ultricies eu, nibh.', 0, '2021-11-19 02:11:27', 65, 10);
insert into REVIEWS (id, comment, rating, reviews_date, video_id, youtuber_id) values (79, 'Etiam vel augue.', 2, '2021-11-24 23:12:57', 14, 10);
insert into REVIEWS (id, comment, rating, reviews_date, video_id, youtuber_id) values (80, 'Nulla suscipit ligula in lacus. Curabitur at ipsum ac tellus semper interdum. Mauris ullamcorper purus sit amet nulla.', 1, '2022-03-09 20:40:31', 49, 1);
insert into REVIEWS (id, comment, rating, reviews_date, video_id, youtuber_id) values (81, 'Nulla ac enim.', 0, '2021-06-02 11:13:03', 87, 4);
insert into REVIEWS (id, comment, rating, reviews_date, video_id, youtuber_id) values (82, 'Donec dapibus. Duis at velit eu est congue elementum. In hac habitasse platea dictumst.', 0, '2021-09-07 04:18:53', 6, 6);
insert into REVIEWS (id, comment, rating, reviews_date, video_id, youtuber_id) values (83, 'Integer aliquet, massa id lobortis convallis, tortor risus dapibus augue, vel accumsan tellus nisi eu orci. Mauris lacinia sapien quis libero. Nullam sit amet turpis elementum ligula vehicula consequat.', 0, '2021-07-28 12:00:13', 69, 2);
insert into REVIEWS (id, comment, rating, reviews_date, video_id, youtuber_id) values (84, 'Vestibulum ante ipsum primis in faucibus orci luctus et ultrices posuere cubilia Curae; Donec pharetra, magna vestibulum aliquet ultrices, erat tortor sollicitudin mi, sit amet lobortis sapien sapien non mi.', 4, '2022-02-12 05:36:51', 58, 1);
insert into REVIEWS (id, comment, rating, reviews_date, video_id, youtuber_id) values (85, 'Quisque ut erat.', 5, '2022-02-04 20:13:10', 90, 5);
insert into REVIEWS (id, comment, rating, reviews_date, video_id, youtuber_id) values (86, 'In hac habitasse platea dictumst. Aliquam augue quam, sollicitudin vitae, consectetuer eget, rutrum at, lorem. Integer tincidunt ante vel ipsum.', 3, '2022-04-12 11:39:47', 100, 2);
insert into REVIEWS (id, comment, rating, reviews_date, video_id, youtuber_id) values (87, 'Nulla ac enim. In tempor, turpis nec euismod scelerisque, quam turpis adipiscing lorem, vitae mattis nibh ligula nec sem. Duis aliquam convallis nunc.', 3, '2021-07-27 09:17:29', 75, 4);
insert into REVIEWS (id, comment, rating, reviews_date, video_id, youtuber_id) values (88, 'Curabitur in libero ut massa volutpat convallis. Morbi odio odio, elementum eu, interdum eu, tincidunt in, leo.', 3, '2022-04-17 10:24:49', 31, 7);
insert into REVIEWS (id, comment, rating, reviews_date, video_id, youtuber_id) values (89, 'Cras in purus eu magna vulputate luctus. Cum sociis natoque penatibus et magnis dis parturient montes, nascetur ridiculus mus. Vivamus vestibulum sagittis sapien.', 4, '2022-01-03 09:26:09', 14, 3);
insert into REVIEWS (id, comment, rating, reviews_date, video_id, youtuber_id) values (90, 'Etiam faucibus cursus urna. Ut tellus.', 4, '2021-06-18 22:28:43', 6, 1);
insert into REVIEWS (id, comment, rating, reviews_date, video_id, youtuber_id) values (91, 'Cum sociis natoque penatibus et magnis dis parturient montes, nascetur ridiculus mus.', 0, '2021-12-20 18:32:08', 90, 4);
insert into REVIEWS (id, comment, rating, reviews_date, video_id, youtuber_id) values (92, 'Nullam varius. Nulla facilisi. Cras non velit nec nisi vulputate nonummy.', 2, '2022-02-04 04:21:55', 40, 8);
insert into REVIEWS (id, comment, rating, reviews_date, video_id, youtuber_id) values (93, 'Cras non velit nec nisi vulputate nonummy. Maecenas tincidunt lacus at velit. Vivamus vel nulla eget eros elementum pellentesque.', 0, '2022-05-21 12:37:41', 8, 3);
insert into REVIEWS (id, comment, rating, reviews_date, video_id, youtuber_id) values (94, 'Integer pede justo, lacinia eget, tincidunt eget, tempus vel, pede. Morbi porttitor lorem id ligula.', 5, '2022-01-09 19:59:15', 94, 10);
insert into REVIEWS (id, comment, rating, reviews_date, video_id, youtuber_id) values (95, 'Sed sagittis.', 4, '2021-06-12 06:01:40', 14, 8);
insert into REVIEWS (id, comment, rating, reviews_date, video_id, youtuber_id) values (96, 'Nulla ac enim. In tempor, turpis nec euismod scelerisque, quam turpis adipiscing lorem, vitae mattis nibh ligula nec sem. Duis aliquam convallis nunc.', 2, '2021-05-29 19:49:38', 35, 5);
insert into REVIEWS (id, comment, rating, reviews_date, video_id, youtuber_id) values (97, 'Mauris sit amet eros. Suspendisse accumsan tortor quis turpis.', 5, '2022-02-20 14:31:01', 85, 5);
insert into REVIEWS (id, comment, rating, reviews_date, video_id, youtuber_id) values (98, 'Sed ante. Vivamus tortor.', 1, '2022-01-21 04:32:56', 53, 5);
insert into REVIEWS (id, comment, rating, reviews_date, video_id, youtuber_id) values (99, 'Praesent blandit lacinia erat. Vestibulum sed magna at nunc commodo placerat. Praesent blandit.', 0, '2021-10-21 15:49:24', 70, 8);
insert into REVIEWS (id, comment, rating, reviews_date, video_id, youtuber_id) values (100, 'Curabitur in libero ut massa volutpat convallis.', 0, '2022-02-02 03:16:41', 48, 3);
